{
    "$schema": "https://schema.management.azure.com/schemas/2015-01-01/deploymentParameters.json#",
    "contentVersion": "1.0.0.0",
    "parameters": {
        "virtualMachines_webvm1_name": {
            "value": null
        },
        "virtualMachines_webvm2_name": {
            "value": null
        },
        "virtualNetworks_vnetmol_name": {
            "value": null
        },
        "networkInterfaces_webnic1_name": {
            "value": null
        },
        "networkInterfaces_webnic2_name": {
            "value": null
        },
        "loadBalancers_loadbalancer_name": {
            "value": null
        },
        "publicIPAddresses_publicip_name": {
            "value": null
        },
        "networkSecurityGroups_webnsg_name": {
            "value": null
        }
    }
}